EL 003,EMPS 001,EMPT 012,Wey,Simone,09236782732
EL 004,EMPS 001,EMPT 003,Sopp,Ceil,09273816572
EL 002,EMPS 001,EMPT 008,Badby,Sarita,0926482387
EL 004,EMPS 001,EMPT 003,Sloy,Aggie,09423443234
EL 003,EMPS 001,EMPT 012,Savory,Trenton,09378276736
EL 002,EMPS 001,EMPT 008,Bramsen,Sashenka,09378267365
EL 002,EMPS 001,EMPT 008,Discombe,Boote,09278365812
EL 004,EMPS 001,EMPT 008,Tomaszewicz,Kory,09278362412
EL 003,EMPS 001,EMPT 012,Eastgate,Purcell,09827681212
EL 002,EMPS 001,EMPT 005,Husher,Haskell,09287162222
EL 002,EMPS 001,EMPT 012,Rosenzveig,Jorrie,09111222333
EL 004,EMPS 001,EMPT 008,Semiras,Gretel,09887627234
EL 004,EMPS 001,EMPT 003,Bengle,Ernestus,09284671625
EL 004,EMPS 001,EMPT 005,Ferber,Fredra,092787652812
EL 002,EMPS 001,EMPT 005,Heball,Jordon,09811235656
EL 004,EMPS 001,EMPT 012,Ayers,Karel,09287673643
EL 003,EMPS 001,EMPT 008,Piburn,Kirk,09278765444
EL 004,EMPS 001,EMPT 003,Oriel,Ofilia,0927826376522
EL 003,EMPS 001,EMPT 012,O'Mailey,Shalne,09287367123
EL 002,EMPS 001,EMPT 003,Gladwish,Ilaire,09384782638
