EL 004,EMPS 001,EMP 2020 000004,EMPT 001,Morrall,Aluino,09283927365
EL 002,EMPS 001,EMP 2020 000002,EMPT 001,De Cruz,Dyan,09283922365
EL 001,EMPS 001,EMP 2020 000014,EMPT 005,Sarten,Tandie,0923227365
EL 004,EMPS 001,EMP 2020 000017,EMPT 005,Dincke,Elnar,09283922365
EL 001,EMPS 001,EMP 2020 000015,EMPT 005,Witson,Letitia,09283927363
EL 003,EMPS 002,EMP 2020 000006,EMPT 001,Keattch,Lidia,09333927365
EL 004,EMPS 001,EMP 2020 000001,EMPT 001,Michie,Belle,09253927365
EL 001,EMPS 002,EMP 2020 000010,EMPT 003,Finnie,Kania,09283927555
EL 003,EMPS 001,EMP 2020 000013,EMPT 002,Stutter,Austen,09283922345
EL 001,EMPS 002,EMP 2020 000017,EMPT 004,Stapells,Belvia,09283933335
EL 001,EMPS 001,EMP 2020 000008,EMPT 005,O'Donegan,Luelle,09283920980
EL 001,EMPS 001,EMP 2020 000009,EMPT 005,Philbrick,Leonelle,0928391115
EL 002,EMPS 001,EMP 2020 000014,EMPT 005,Jesper,Saw,7.31,0955527365
EL 004,EMPS 002,EMP 2020 000006,EMPT 002,Dimbleby,Hagen,09283927381
EL 004,EMPS 002,EMP 2020 000001,EMPT 003,Beall,Wells,09283927549 
EL 003,EMPS 001,EMP 2020 000009,EMPT 001,Collins,Sanders,09283927587 
EL 004,EMPS 001,EMP 2020 000006,EMPT 002,Fifoot,Bone,09343927567 
EL 004,EMPS 002,EMP 2020 000016,EMPT 002,McCleverty,Juana,09343927524
EL 001,EMPS 001,EMP 2020 000001,EMPT 004,Rillstone,Ceciley,09343927491
EL 001,EMPS 001,EMP 2020 000004,EMPT 005,Shakesby,Mendy,09343927623
EL 002,EMPS 001,EMP 2020 000003,EMPT 001,Deeth,Gerhardt,09343927349
EL 003,EMPS 002,EMP 2020 000006,EMPT 001,Boys,Burton,09343927449
EL 001,EMPS 001,EMP 2020 000017,EMPT 002,Vanshin,Menard,09343927457
EL 003,EMPS 001,EMP 2020 000016,EMPT 004,Chiswell,Wilfred,09343927471
EL 004,EMPS 001,EMP 2020 000004,EMPT 003,Samworth,Brucie,09233927521 
EL 004,EMPS 002,EMP 2020 000016,EMPT 003,Mattis,Edwin,09233927462
EL 004,EMPS 002,EMP 2020 000005,EMPT 001,Fensome,Lisha,09233927308
EL 003,EMPS 002,EMP 2020 000003,EMPT 003,Obray,Corey,09233927777
EL 001,EMPS 001,EMP 2020 000005,EMPT 002,Tures,Jacky,09233927696
EL 002,EMPS 002,EMP 2020 000011,EMPT 003,Athelstan,Wheeler,09233927443
EL 001,EMPS 001,EMP 2020 000016,EMPT 002,Kabos,Dulcie,09233927374
EL 001,EMPS 001,EMP 2020 000008,EMPT 004,Limpricht,Kacie,09233927505
EL 003,EMPS 001,EMP 2020 000020,EMPT 005,Laurens,Cherin,09938927553 
EL 004,EMPS 002,EMP 2020 000013,EMPT 003,Shakesbye,Earlie,09938927708
EL 003,EMPS 002,EMP 2020 000018,EMPT 004,Novill,Sibelle,09938927506
EL 003,EMPS 002,EMP 2020 000003,EMPT 003,Faragher,Avram,09938927447
EL 004,EMPS 001,EMP 2020 000010,EMPT 004,Gallacher,Putnem,09938927261
EL 001,EMPS 002,EMP 2020 000016,EMPT 004,Lackney,Livy,09938927702
EL 001,EMPS 002,EMP 2020 000006,EMPT 005,Soles,Julita,09938927661
EL 002,EMPS 002,EMP 2020 000001,EMPT 003,Tourner,Geri,09938927724
EL 002,EMPS 002,EMP 2020 000011,EMPT 002,Barenski,Isaac,09938927681
EL 002,EMPS 002,EMP 2020 000015,EMPT 004,Stancliffe,Ginelle,09938927741
EL 003,EMPS 001,EMP 2020 000019,EMPT 004,Olensby,La verne,09938927654
EL 001,EMPS 001,EMP 2020 000009,EMPT 002,Moehle,Mariann,09328927046 
EL 003,EMPS 001,EMP 2020 000018,EMPT 002,Wanek,Renell,09328927496
EL 002,EMPS 001,EMP 2020 000015,EMPT 004,Axtell,Arlee,09328927423
EL 002,EMPS 001,EMP 2020 000004,EMPT 004,Pottberry,Madelena,09328927753
EL 002,EMPS 002,EMP 2020 000006,EMPT 004,Noot,Arch,09328927655
EL 004,EMPS 002,EMP 2020 000003,EMPT 004,Ethelstone,Lenee,09328927531
EL 002,EMPS 001,EMP 2020 000001,EMPT 004,Blumsom,Abelard,09328927677
